"Animal","Genotype","n_images","total_Olig2","total_ASPA","total_Pdgfra","total_Pdgfra_pos_ASPA_pos","total_Pdgfra_pos_ASPA_neg","total_Pdgfra_neg_ASPA_pos","total_Pdgfra_neg_ASPA_neg","mean_olig2","mean_olig2_per_area","mean_ASPA","mean_ASPA_per_area","mean_Pdgfra","mean_Pdgfra_per_area","mean_Pdgfra_pos_ASPA_pos","mean_Pdgfra_pos_ASPA_neg","mean_Pdgfra_neg_ASPA_pos","mean_Pdgfra_neg_ASPA_neg","total_area","olig2_per_area","aspa_per_area","pdgfra_per_area"
"529551","WT",3,651,154,227,4,223,150,274,217,454.446006783195,154,107.535472892237,227,158.235943185755,1.33333333333333,74.3333333333333,50,91.3333333333333,1.42183760210909,457.85819634699,108.310541071331,159.652550799949
"529552","KO",3,594,93,330,6,324,87,177,198,432.809299976735,93,67.7193608141121,330,240.533558888737,2,108,29,59,1.37196808646023,432.954677198476,67.7858332987513,240.530376221375
"551941","KO",3,740,169,251,0,251,169,320,246.666666666667,496.400960677686,169,113.36006431079,251,168.172981956533,0,83.6666666666667,56.3333333333333,106.666666666667,1.49183478552957,496.033479831557,113.283321745315,168.249193834758
"551943","WT",3,618,141,173,7,166,134,311,206,411.155355031931,141,93.3984324432582,173,115.100497570974,2.33333333333333,55.3333333333333,44.6666666666667,103.666666666667,1.49994149324987,412.016070480857,94.0036665660208,115.337832027813
"551944","KO",3,736,172,231,10,221,162,343,245.333333333333,479.648352873478,172,112.288364880867,231,150.287739840846,3.33333333333333,73.6666666666667,54,114.333333333333,1.53448396134137,479.640073498472,112.089799784969,150.539207850743
"551948","WT",3,783,245,181,5,176,240,362,261,523.93695354423,245,163.898268512389,181,121.074169443919,1.66666666666667,58.6666666666667,80,120.666666666667,1.49527673964545,523.648886684118,163.849268502693,121.047826934643
